Approach,Size,Difficulty,TimeStep,NumChanges,AdaptTime,SuccessRate,AvgPathLength
A* Static,50,Hard,0,0,0,0.996755,9.40885
A* Static,50,Hard,1,1,0,0.99416,9.39883
A* Static,50,Hard,2,2,0,0.992213,9.40353
A* Static,50,Hard,3,1,0,0.992213,9.40353
A* Static,50,Hard,4,1,0,0.988319,9.41891
A* Static,50,Hard,5,1,0,0.97599,9.35106
A* Static,50,Hard,6,1,0,0.972096,9.31509
A* Static,50,Hard,7,1,0,0.971447,9.31463
A* Static,50,Hard,8,4,0,0.953926,9.2034
A* Static,50,Hard,9,1,0,0.95133,9.20055
A* Static,50,Hard,10,1,0,0.933809,9.24044
A* Static,50,Hard,11,1,0,0.889033,8.79489
A* Static,50,Hard,12,1,0,0.888384,8.79547
A* Static,50,Hard,13,1,0,0.882544,8.80074
A* Static,50,Hard,14,1,0,0.881895,8.80059
A* Static,50,Hard,15,1,0,0.869565,8.66269
A* Static,50,Hard,16,2,0,0.868267,8.66517
A* Static,50,Hard,17,1,0,0.867618,8.66567
A* Static,50,Hard,18,1,0,0.86697,8.67066
A* Static,50,Hard,19,1,0,0.86697,8.67066
A* Static,50,Hard,20,1,0,0.865672,8.64543
A* Static,50,Hard,21,1,0,0.85464,8.68793
A* Static,50,Hard,22,1,0,0.852693,8.67352
A* Static,50,Hard,23,1,0,0.852693,8.67352
A* Static,50,Hard,24,1,0,0.851395,8.66616
A* Static,50,Hard,25,1,0,0.851395,8.66616
A* Static,50,Hard,26,1,0,0.837119,8.64496
A* Static,50,Hard,27,1,0,0.83647,8.64624
A* Static,50,Hard,28,1,0,0.835172,8.65423
A* Static,50,Hard,29,1,0,0.835172,8.65423
A* Static,50,Hard,30,1,0,0.833874,8.62335
A* Static,50,Hard,31,1,0,0.833874,8.62335
A* Static,50,Hard,32,1,0,0.830629,8.64453
A* Static,50,Hard,33,1,0,0.829332,8.64945
A* Static,50,Hard,34,1,0,0.825438,8.66588
A* Static,50,Hard,35,1,0,0.824789,8.66404
A* Static,50,Hard,36,1,0,0.778066,7.93078
A* Static,50,Hard,37,2,0,0.756652,7.58576
A* Static,50,Hard,38,1,0,0.756652,7.58576
A* Static,50,Hard,39,2,0,0.750811,7.56266
A* Static,50,Hard,40,1,0,0.748215,7.53339
A* Static,50,Hard,41,1,0,0.746269,7.50348
A* Static,50,Hard,42,1,0,0.74562,7.49173
A* Static,50,Hard,43,1,0,0.744971,7.48606
A* Static,50,Hard,44,1,0,0.744322,7.47602
A* Static,50,Hard,45,1,0,0.743024,7.47598
A* Static,50,Hard,46,1,0,0.742375,7.47727
A* Static,50,Hard,47,1,0,0.742375,7.47727
A* Static,50,Hard,48,1,0,0.724854,6.95703
A* Static,50,Hard,49,1,0,0.724205,6.94803
A* Static,50,Hard,50,1,0,0.723556,6.94529
A* Static,50,Hard,51,1,0,0.724205,6.94534
A* Static,50,Hard,52,1,0,0.724205,6.94534
A* Static,50,Hard,53,1,0,0.70928,6.7118
A* Static,50,Hard,54,1,0,0.705386,6.70101
A* Static,50,Hard,55,1,0,0.704737,6.69613
A* Static,50,Hard,56,1,0,0.703439,6.69926
A* Static,50,Hard,57,1,0,0.703439,6.69926
A* Static,50,Hard,58,1,0,0.703439,6.69926
A* Static,50,Hard,59,1,0,0.702141,6.69778
A* Static,50,Hard,60,1,0,0.711875,6.7557
A* Static,50,Hard,61,1,0,0.712524,6.75228
A* Static,50,Hard,62,1,0,0.711226,6.76004
A* Static,50,Hard,63,1,0,0.70928,6.75755
A* Static,50,Hard,64,1,0,0.707333,6.76147
A* Static,50,Hard,65,1,0,0.704737,6.7698
A* Static,50,Hard,66,1,0,0.704088,6.77235
A* Static,50,Hard,67,1,0,0.703439,6.77399
A* Static,50,Hard,68,1,0,0.703439,6.77399
A* Static,50,Hard,69,1,0,0.699546,6.67161
A* Static,50,Hard,70,1,0,0.689163,6.54331
A* Static,50,Hard,71,1,0,0.686567,6.55104
A* Static,50,Hard,72,1,0,0.685918,6.55345
A* Static,50,Hard,73,1,0,0.68462,6.55924
A* Static,50,Hard,74,1,0,0.67878,6.56597
A* Static,50,Hard,75,4,0,0.677482,6.56226
A* Static,50,Hard,76,1,0,0.677482,6.56226
A* Static,50,Hard,77,1,0,0.670344,6.52565
A* Static,50,Hard,78,2,0,0.669695,6.52713
A* Static,50,Hard,79,1,0,0.667099,6.52237
A* Static,50,Hard,80,1,0,0.665801,6.53021
A* Static,50,Hard,81,6,0,0.644387,6.4572
A* Static,50,Hard,82,1,0,0.64244,6.46263
A* Static,50,Hard,83,1,0,0.64244,6.46263
A* Static,50,Hard,84,1,0,0.640493,6.46809
A* Static,50,Hard,85,1,0,0.639844,6.46957
A* Static,50,Hard,86,1,0,0.615834,6.4647
A* Static,50,Hard,87,1,0,0.61194,6.47826
A* Static,50,Hard,88,1,0,0.611291,6.48089
A* Static,50,Hard,89,2,0,0.611291,6.48089
A* Static,50,Hard,90,1,0,0.612589,6.48305
A* Static,50,Hard,91,1,0,0.607398,6.43803
A* Static,50,Hard,92,1,0,0.607398,6.43803
A* Static,50,Hard,93,1,0,0.606749,6.44278
A* Static,50,Hard,94,1,0,0.6061,6.44647
A* Static,50,Hard,95,1,0,0.604802,6.44206
A* Static,50,Hard,96,2,0,0.604802,6.44206
A* Static,50,Hard,97,1,0,0.604153,6.44683
A* Static,50,Hard,98,1,0,0.602206,6.45905
A* Static,50,Hard,99,1,0,0.602206,6.45905
A* Static,50,Hard,100,1,0,0.600909,6.44708
A* Oracle,50,Hard,0,0,0,0.996755,9.40885
A* Oracle,50,Hard,1,1,0.254195,0.996755,9.41016
A* Oracle,50,Hard,2,2,0.256144,0.996755,9.41146
A* Oracle,50,Hard,3,1,0.255224,0.997404,9.41444
A* Oracle,50,Hard,4,1,0.253574,0.997404,9.41444
A* Oracle,50,Hard,5,1,0.249402,0.997404,9.42811
A* Oracle,50,Hard,6,1,0.248191,0.997404,9.42941
A* Oracle,50,Hard,7,1,0.248577,0.997404,9.42811
A* Oracle,50,Hard,8,4,0.247234,0.997404,9.40989
A* Oracle,50,Hard,9,1,0.251381,0.997404,9.41444
A* Oracle,50,Hard,10,1,0.251856,0.997404,9.41574
A* Oracle,50,Hard,11,1,0.248342,0.997404,9.42225
A* Oracle,50,Hard,12,1,0.248772,0.997404,9.4229
A* Oracle,50,Hard,13,1,0.2496,0.997404,9.43526
A* Oracle,50,Hard,14,1,0.249556,0.997404,9.43526
A* Oracle,50,Hard,15,1,0.251531,0.997404,9.44697
A* Oracle,50,Hard,16,2,0.250457,0.997404,9.44567
A* Oracle,50,Hard,17,1,0.249311,0.997404,9.44242
A* Oracle,50,Hard,18,1,0.250398,0.997404,9.44242
A* Oracle,50,Hard,19,1,0.246934,0.997404,9.44242
A* Oracle,50,Hard,20,1,0.246042,0.997404,9.44242
A* Oracle,50,Hard,21,1,0.245543,0.997404,9.44047
A* Oracle,50,Hard,22,1,0.249962,0.997404,9.44047
A* Oracle,50,Hard,23,1,0.250944,0.997404,9.46129
A* Oracle,50,Hard,24,1,0.249834,0.997404,9.46194
A* Oracle,50,Hard,25,1,0.254417,0.997404,9.46194
A* Oracle,50,Hard,26,1,0.254364,0.997404,9.46259
A* Oracle,50,Hard,27,1,0.253392,0.996755,9.46419
A* Oracle,50,Hard,28,1,0.254013,0.996755,9.46419
A* Oracle,50,Hard,29,1,0.249691,0.996755,9.46419
A* Oracle,50,Hard,30,1,0.252403,0.996755,9.46354
A* Oracle,50,Hard,31,1,0.254366,0.996755,9.47005
A* Oracle,50,Hard,32,1,0.253851,0.996755,9.4694
A* Oracle,50,Hard,33,1,0.254806,0.996755,9.4694
A* Oracle,50,Hard,34,1,0.254383,0.996755,9.46745
A* Oracle,50,Hard,35,1,0.255092,0.996755,9.4681
A* Oracle,50,Hard,36,1,0.256749,0.996755,9.55143
A* Oracle,50,Hard,37,2,0.252419,0.996755,9.55078
A* Oracle,50,Hard,38,1,0.252267,0.996755,9.55208
A* Oracle,50,Hard,39,2,0.25308,0.996755,9.55404
A* Oracle,50,Hard,40,1,0.253751,0.996755,9.55469
A* Oracle,50,Hard,41,1,0.254023,0.996755,9.55339
A* Oracle,50,Hard,42,1,0.257727,0.996755,9.55208
A* Oracle,50,Hard,43,1,0.25319,0.996755,9.55208
A* Oracle,50,Hard,44,1,0.254711,0.996755,9.55078
A* Oracle,50,Hard,45,1,0.254877,0.996755,9.55143
A* Oracle,50,Hard,46,1,0.255568,0.996755,9.55078
A* Oracle,50,Hard,47,1,0.257276,0.996755,9.54883
A* Oracle,50,Hard,48,1,0.252926,0.996755,9.54622
A* Oracle,50,Hard,49,1,0.252738,0.996755,9.53906
A* Oracle,50,Hard,50,1,0.253551,0.996755,9.53841
A* Oracle,50,Hard,51,1,0.25451,0.997404,9.53676
A* Oracle,50,Hard,52,1,0.255665,0.997404,9.53546
A* Oracle,50,Hard,53,1,0.255415,0.997404,9.53806
A* Oracle,50,Hard,54,1,0.254275,0.997404,9.53871
A* Oracle,50,Hard,55,1,0.253464,0.997404,9.53806
A* Oracle,50,Hard,56,1,0.253962,0.997404,9.53871
A* Oracle,50,Hard,57,1,0.258289,0.997404,9.53936
A* Oracle,50,Hard,58,1,0.259507,0.997404,9.45283
A* Oracle,50,Hard,59,1,0.258709,0.997404,9.45153
A* Oracle,50,Hard,60,1,0.257341,0.997404,9.45153
A* Oracle,50,Hard,61,1,0.257493,0.997404,9.45088
A* Oracle,50,Hard,62,1,0.256937,0.997404,9.41119
A* Oracle,50,Hard,63,1,0.256468,0.997404,9.40599
A* Oracle,50,Hard,64,1,0.256427,0.997404,9.40468
A* Oracle,50,Hard,65,1,0.256509,0.997404,9.40013
A* Oracle,50,Hard,66,1,0.256734,0.997404,9.39883
A* Oracle,50,Hard,67,1,0.257849,0.997404,9.39883
A* Oracle,50,Hard,68,1,0.255925,0.997404,9.39883
A* Oracle,50,Hard,69,1,0.250018,0.997404,9.39948
A* Oracle,50,Hard,70,1,0.25507,0.997404,9.46975
A* Oracle,50,Hard,71,1,0.254889,0.997404,9.4691
A* Oracle,50,Hard,72,1,0.255091,0.997404,9.4691
A* Oracle,50,Hard,73,1,0.254533,0.997404,9.46975
A* Oracle,50,Hard,74,1,0.254759,0.997404,9.4704
A* Oracle,50,Hard,75,4,0.254654,0.997404,9.44372
A* Oracle,50,Hard,76,1,0.246874,0.997404,9.44372
A* Oracle,50,Hard,77,1,0.246877,0.997404,9.44763
A* Oracle,50,Hard,78,2,0.249265,0.997404,9.45088
A* Oracle,50,Hard,79,1,0.250116,0.997404,9.45218
A* Oracle,50,Hard,80,1,0.250745,0.997404,9.45348
A* Oracle,50,Hard,81,6,0.264384,0.997404,9.46714
A* Oracle,50,Hard,82,1,0.263446,0.997404,9.46845
A* Oracle,50,Hard,83,1,0.256778,0.997404,9.46779
A* Oracle,50,Hard,84,1,0.256165,0.997404,9.46779
A* Oracle,50,Hard,85,1,0.256573,0.996755,9.4707
A* Oracle,50,Hard,86,1,0.257011,0.996755,9.48828
A* Oracle,50,Hard,87,1,0.257293,0.996755,9.48828
A* Oracle,50,Hard,88,1,0.25726,0.996755,9.48828
A* Oracle,50,Hard,89,2,0.251707,0.996106,9.49055
A* Oracle,50,Hard,90,1,0.252425,0.996106,9.49186
A* Oracle,50,Hard,91,1,0.251098,0.996106,9.49251
A* Oracle,50,Hard,92,1,0.247638,0.996106,9.49316
A* Oracle,50,Hard,93,1,0.248172,0.996106,9.49251
A* Oracle,50,Hard,94,1,0.248221,0.996106,9.49251
A* Oracle,50,Hard,95,1,0.250039,0.996106,9.49316
A* Oracle,50,Hard,96,2,0.25059,0.996755,9.49089
A* Oracle,50,Hard,97,1,0.253559,0.996755,9.49089
A* Oracle,50,Hard,98,1,0.25321,0.996755,9.49089
A* Oracle,50,Hard,99,1,0.251737,0.996755,9.49154
A* Oracle,50,Hard,100,1,0.253585,0.996755,9.49284
onlyTrainLeafNodes,50,Hard,0,0,0,0.674886,6.46538
onlyTrainLeafNodes,50,Hard,1,1,1.74395,0.674886,6.46346
onlyTrainLeafNodes,50,Hard,2,2,1.21988,0.673589,6.45665
onlyTrainLeafNodes,50,Hard,3,1,1.05539,0.673589,6.45665
onlyTrainLeafNodes,50,Hard,4,1,0.520283,0.673589,6.45568
onlyTrainLeafNodes,50,Hard,5,1,0.730358,0.673589,6.44605
onlyTrainLeafNodes,50,Hard,6,1,1.31168,0.673589,6.44605
onlyTrainLeafNodes,50,Hard,7,1,0.63982,0.673589,6.44412
onlyTrainLeafNodes,50,Hard,8,4,1.28694,0.674886,6.37115
onlyTrainLeafNodes,50,Hard,9,1,1.50458,0.674886,6.375
onlyTrainLeafNodes,50,Hard,10,1,0.25718,0.674886,6.37692
onlyTrainLeafNodes,50,Hard,11,1,0.854186,0.674886,6.37019
onlyTrainLeafNodes,50,Hard,12,1,1.45742,0.674886,6.37115
onlyTrainLeafNodes,50,Hard,13,1,0.644622,0.674886,6.38942
onlyTrainLeafNodes,50,Hard,14,1,2.06469,0.674886,6.38846
onlyTrainLeafNodes,50,Hard,15,1,1.90356,0.675535,6.39866
onlyTrainLeafNodes,50,Hard,16,2,1.87219,0.674886,6.39231
onlyTrainLeafNodes,50,Hard,17,1,1.09932,0.675535,6.38905
onlyTrainLeafNodes,50,Hard,18,1,0.358063,0.675535,6.39001
onlyTrainLeafNodes,50,Hard,19,1,1.56555,0.675535,6.38905
onlyTrainLeafNodes,50,Hard,20,1,0.826804,0.675535,6.38905
onlyTrainLeafNodes,50,Hard,21,1,0.412482,0.675535,6.38617
onlyTrainLeafNodes,50,Hard,22,1,1.05202,0.67294,6.35198
onlyTrainLeafNodes,50,Hard,23,1,0.560922,0.670344,6.3514
onlyTrainLeafNodes,50,Hard,24,1,0.684549,0.670344,6.3514
onlyTrainLeafNodes,50,Hard,25,1,1.56861,0.670344,6.3514
onlyTrainLeafNodes,50,Hard,26,1,0.628942,0.670344,6.35334
onlyTrainLeafNodes,50,Hard,27,1,0.346231,0.669695,6.35078
onlyTrainLeafNodes,50,Hard,28,1,0.372971,0.669695,6.35078
onlyTrainLeafNodes,50,Hard,29,1,1.49131,0.671642,6.38744
onlyTrainLeafNodes,50,Hard,30,1,1.49062,0.670344,6.36205
onlyTrainLeafNodes,50,Hard,31,1,0.75736,0.667748,6.34305
onlyTrainLeafNodes,50,Hard,32,1,0.224342,0.667748,6.34208
onlyTrainLeafNodes,50,Hard,33,1,0.416075,0.667748,6.34402
onlyTrainLeafNodes,50,Hard,34,1,0.275,0.667748,6.34111
onlyTrainLeafNodes,50,Hard,35,1,0.682209,0.667748,6.34111
onlyTrainLeafNodes,50,Hard,36,1,1.13171,0.667748,6.34597
onlyTrainLeafNodes,50,Hard,37,2,1.70504,0.667099,6.33268
onlyTrainLeafNodes,50,Hard,38,1,0.686961,0.667099,6.33268
onlyTrainLeafNodes,50,Hard,39,2,2.70061,0.667099,6.33268
onlyTrainLeafNodes,50,Hard,40,1,1.3199,0.667099,6.3356
onlyTrainLeafNodes,50,Hard,41,1,0.658598,0.667099,6.3356
onlyTrainLeafNodes,50,Hard,42,1,1.04503,0.667099,6.3356
onlyTrainLeafNodes,50,Hard,43,1,1.24108,0.667099,6.3356
onlyTrainLeafNodes,50,Hard,44,1,1.05304,0.667099,6.3356
onlyTrainLeafNodes,50,Hard,45,1,0.476933,0.667099,6.33658
onlyTrainLeafNodes,50,Hard,46,1,0.474088,0.667099,6.3356
onlyTrainLeafNodes,50,Hard,47,1,1.05595,0.667099,6.3356
onlyTrainLeafNodes,50,Hard,48,1,1.95256,0.667099,6.3356
onlyTrainLeafNodes,50,Hard,49,1,1.01884,0.667099,6.3356
onlyTrainLeafNodes,50,Hard,50,1,1.08099,0.667748,6.34014
onlyTrainLeafNodes,50,Hard,51,1,0.367301,0.668397,6.34272
onlyTrainLeafNodes,50,Hard,52,1,1.18516,0.668397,6.34272
onlyTrainLeafNodes,50,Hard,53,1,1.95233,0.667099,6.32879
onlyTrainLeafNodes,50,Hard,54,1,0.278367,0.667099,6.32977
onlyTrainLeafNodes,50,Hard,55,1,0.880409,0.667099,6.32977
onlyTrainLeafNodes,50,Hard,56,1,0.568178,0.667099,6.33463
onlyTrainLeafNodes,50,Hard,57,1,0.73972,0.667099,6.33463
onlyTrainLeafNodes,50,Hard,58,1,1.47427,0.667099,6.3249
onlyTrainLeafNodes,50,Hard,59,1,0.489556,0.667099,6.32296
onlyTrainLeafNodes,50,Hard,60,1,0.630541,0.667099,6.32101
onlyTrainLeafNodes,50,Hard,61,1,0.381723,0.667099,6.32004
onlyTrainLeafNodes,50,Hard,62,1,1.01374,0.674238,6.33109
onlyTrainLeafNodes,50,Hard,63,1,0.237234,0.674886,6.33846
onlyTrainLeafNodes,50,Hard,64,1,0.311204,0.674886,6.33654
onlyTrainLeafNodes,50,Hard,65,1,0.392973,0.674886,6.30385
onlyTrainLeafNodes,50,Hard,66,1,0.420921,0.674886,6.30385
onlyTrainLeafNodes,50,Hard,67,1,0.346862,0.674886,6.30192
onlyTrainLeafNodes,50,Hard,68,1,1.29357,0.674886,6.30288
onlyTrainLeafNodes,50,Hard,69,1,1.59642,0.674886,6.30288
onlyTrainLeafNodes,50,Hard,70,1,1.3189,0.674886,6.30192
onlyTrainLeafNodes,50,Hard,71,1,0.286106,0.674886,6.30096
onlyTrainLeafNodes,50,Hard,72,1,0.379227,0.674886,6.3
onlyTrainLeafNodes,50,Hard,73,1,0.528467,0.674886,6.29808
onlyTrainLeafNodes,50,Hard,74,1,0.502762,0.674886,6.29712
onlyTrainLeafNodes,50,Hard,75,4,2.20087,0.673589,6.28805
onlyTrainLeafNodes,50,Hard,76,1,1.34334,0.673589,6.28805
onlyTrainLeafNodes,50,Hard,77,1,0.789327,0.673589,6.28805
onlyTrainLeafNodes,50,Hard,78,2,0.569198,0.673589,6.29287
onlyTrainLeafNodes,50,Hard,79,1,0.961351,0.673589,6.30058
onlyTrainLeafNodes,50,Hard,80,1,0.29789,0.673589,6.30732
onlyTrainLeafNodes,50,Hard,81,6,3.0298,0.673589,6.342
onlyTrainLeafNodes,50,Hard,82,1,0.49412,0.673589,6.34297
onlyTrainLeafNodes,50,Hard,83,1,0.973397,0.674238,6.34841
onlyTrainLeafNodes,50,Hard,84,1,0.28544,0.674238,6.34841
onlyTrainLeafNodes,50,Hard,85,1,0.256092,0.673589,6.34971
onlyTrainLeafNodes,50,Hard,86,1,0.797739,0.672291,6.38803
onlyTrainLeafNodes,50,Hard,87,1,0.223896,0.672291,6.38803
onlyTrainLeafNodes,50,Hard,88,1,0.314122,0.672291,6.38803
onlyTrainLeafNodes,50,Hard,89,2,0.85083,0.671642,6.38841
onlyTrainLeafNodes,50,Hard,90,1,0.350613,0.671642,6.39034
onlyTrainLeafNodes,50,Hard,91,1,1.23748,0.671642,6.3913
onlyTrainLeafNodes,50,Hard,92,1,1.00459,0.671642,6.39034
onlyTrainLeafNodes,50,Hard,93,1,0.183742,0.671642,6.38937
onlyTrainLeafNodes,50,Hard,94,1,0.206377,0.671642,6.38937
onlyTrainLeafNodes,50,Hard,95,1,1.79236,0.671642,6.39034
onlyTrainLeafNodes,50,Hard,96,2,0.373771,0.672291,6.38996
onlyTrainLeafNodes,50,Hard,97,1,0.411795,0.672291,6.38996
onlyTrainLeafNodes,50,Hard,98,1,0.716625,0.672291,6.38996
onlyTrainLeafNodes,50,Hard,99,1,0.99935,0.672291,6.38996
onlyTrainLeafNodes,50,Hard,100,1,0.503304,0.672291,6.39189
singleAgent,50,Hard,0,0,0,0.957171,10.0285
singleAgent,50,Hard,1,1,1.59095,0.957171,9.92814
singleAgent,50,Hard,2,2,0.0121423,0.957171,9.93153
singleAgent,50,Hard,3,1,0.0101867,0.95782,9.93496
singleAgent,50,Hard,4,1,0.00278299,0.95782,9.93496
singleAgent,50,Hard,5,1,1.02314,0.95782,9.94919
singleAgent,50,Hard,6,1,0.033599,0.957171,9.94576
singleAgent,50,Hard,7,1,0.00580813,0.957171,9.94576
singleAgent,50,Hard,8,4,2.58913,0.955224,9.91372
singleAgent,50,Hard,9,1,1.00366,0.955224,9.91848
singleAgent,50,Hard,10,1,0.818289,0.955224,9.89334
singleAgent,50,Hard,11,1,0.968812,0.955224,9.88587
singleAgent,50,Hard,12,1,0.00854818,0.955224,9.88655
singleAgent,50,Hard,13,1,0.756123,0.955224,9.8981
singleAgent,50,Hard,14,1,2.47978,0.955224,9.91984
singleAgent,50,Hard,15,1,2.34276,0.983777,10.2658
singleAgent,50,Hard,16,2,0.00886681,0.983777,10.2665
singleAgent,50,Hard,17,1,0.0122558,0.983128,10.2667
singleAgent,50,Hard,18,1,0.00360386,0.983128,10.2667
singleAgent,50,Hard,19,1,0.0102096,0.983128,10.2667
singleAgent,50,Hard,20,1,0.0201179,0.983128,10.2673
singleAgent,50,Hard,21,1,0.00306157,0.983128,10.2713
singleAgent,50,Hard,22,1,0.00927832,0.983128,10.2719
singleAgent,50,Hard,23,1,0.921124,0.983128,10.2924
singleAgent,50,Hard,24,1,0.010552,0.983128,10.2937
singleAgent,50,Hard,25,1,0.00907943,0.983128,10.2924
singleAgent,50,Hard,26,1,0.00991532,0.983128,10.2924
singleAgent,50,Hard,27,1,1.16476,0.982479,10.2635
singleAgent,50,Hard,28,1,0.00381532,0.982479,10.2635
singleAgent,50,Hard,29,1,0.0201746,0.982479,10.3131
singleAgent,50,Hard,30,1,2.69444,0.993511,10.2332
singleAgent,50,Hard,31,1,0.0128439,0.993511,10.2397
singleAgent,50,Hard,32,1,0.534208,0.99416,10.1886
singleAgent,50,Hard,33,1,0.00270731,0.99416,10.1926
singleAgent,50,Hard,34,1,0.00311664,0.99416,10.1945
singleAgent,50,Hard,35,1,0.00654274,0.99416,10.1952
singleAgent,50,Hard,36,1,1.94432,0.99416,10.3114
singleAgent,50,Hard,37,2,2.45771,0.99416,10.2761
singleAgent,50,Hard,38,1,0.970839,0.99416,10.2774
singleAgent,50,Hard,39,2,0.0492054,0.99416,10.28
singleAgent,50,Hard,40,1,0.0170766,0.99416,10.2813
singleAgent,50,Hard,41,1,1.78072,0.994809,10.1546
singleAgent,50,Hard,42,1,0.0219098,0.99416,10.1475
singleAgent,50,Hard,43,1,0.022272,0.99416,10.1482
singleAgent,50,Hard,44,1,0.0383878,0.99416,10.1482
singleAgent,50,Hard,45,1,0.00618443,0.99416,10.1495
singleAgent,50,Hard,46,1,0.00615076,0.99416,10.1501
singleAgent,50,Hard,47,1,0.0101855,0.99416,10.1527
singleAgent,50,Hard,48,1,0.0654984,0.99416,10.1527
singleAgent,50,Hard,49,1,0.0211747,0.99416,10.1547
singleAgent,50,Hard,50,1,0.00641089,0.99416,10.1521
singleAgent,50,Hard,51,1,0.00267008,0.994809,10.152
singleAgent,50,Hard,52,1,0.997459,0.994809,10.1461
singleAgent,50,Hard,53,1,3.00026,0.994809,10.0789
singleAgent,50,Hard,54,1,0.00609471,0.994809,10.0828
singleAgent,50,Hard,55,1,0.00970191,0.994809,10.0841
singleAgent,50,Hard,56,1,0.00663413,0.994809,10.0861
singleAgent,50,Hard,57,1,0.0202499,0.994809,10.0868
singleAgent,50,Hard,58,1,1.56701,0.994809,10.0913
singleAgent,50,Hard,59,1,0.00361618,0.99416,10.0933
singleAgent,50,Hard,60,1,0.00974435,0.99416,10.094
singleAgent,50,Hard,61,1,0.00351807,0.99416,10.0933
singleAgent,50,Hard,62,1,1.64835,0.99416,10.0124
singleAgent,50,Hard,63,1,0.00389833,0.99416,10.0137
singleAgent,50,Hard,64,1,0.00252131,0.99416,10.0209
singleAgent,50,Hard,65,1,0.726657,0.99416,10.0261
singleAgent,50,Hard,66,1,0.487001,0.994809,10.0228
singleAgent,50,Hard,67,1,0.00228907,0.994809,10.0228
singleAgent,50,Hard,68,1,0.00904039,0.994809,10.0228
singleAgent,50,Hard,69,1,1.44193,0.995457,10.028
singleAgent,50,Hard,70,1,2.09198,0.995457,10.101
singleAgent,50,Hard,71,1,0.00223379,0.995457,10.101
singleAgent,50,Hard,72,1,0.00211443,0.995457,10.101
singleAgent,50,Hard,73,1,2.74706,0.990266,10.0957
singleAgent,50,Hard,74,1,0.00401381,0.990266,10.097
singleAgent,50,Hard,75,4,1.47391,0.989617,10.0977
singleAgent,50,Hard,76,1,0.0089713,0.989617,10.103
singleAgent,50,Hard,77,1,2.14228,0.989617,10.1475
singleAgent,50,Hard,78,2,0.985237,0.988968,10.1476
singleAgent,50,Hard,79,1,0.00925469,0.988968,10.1503
singleAgent,50,Hard,80,1,0.382868,0.988968,10.1529
singleAgent,50,Hard,81,6,1.44246,0.989617,10.1016
singleAgent,50,Hard,82,1,0.00317169,0.989617,10.103
singleAgent,50,Hard,83,1,2.2284,0.989617,10.2479
singleAgent,50,Hard,84,1,0.425029,0.989617,10.24
singleAgent,50,Hard,85,1,1.24406,0.988968,10.2375
singleAgent,50,Hard,86,1,0.0131915,0.988968,10.2441
singleAgent,50,Hard,87,1,0.00275757,0.988968,10.2454
singleAgent,50,Hard,88,1,0.00235082,0.988968,10.2467
singleAgent,50,Hard,89,2,0.58154,0.988319,10.2508
singleAgent,50,Hard,90,1,0.00358097,0.988319,10.2521
singleAgent,50,Hard,91,1,0.770106,0.988319,10.2528
singleAgent,50,Hard,92,1,0.015385,0.988319,10.2541
singleAgent,50,Hard,93,1,0.00275322,0.988319,10.2548
singleAgent,50,Hard,94,1,0.00299254,0.98767,10.2595
singleAgent,50,Hard,95,1,0.00917663,0.98767,10.2602
singleAgent,50,Hard,96,2,0.00526554,0.98767,10.2602
singleAgent,50,Hard,97,1,0.0052364,0.98767,10.2608
singleAgent,50,Hard,98,1,0.00594264,0.98767,10.2628
singleAgent,50,Hard,99,1,0.0360989,0.98767,10.2654
singleAgent,50,Hard,100,1,0.00597992,0.98767,10.2674
fedAsynQ_EqAvg,50,Hard,0,0,0,0.992213,9.36102
fedAsynQ_EqAvg,50,Hard,1,1,0.200619,0.992213,9.36233
fedAsynQ_EqAvg,50,Hard,2,2,0.0137323,0.992213,9.36494
fedAsynQ_EqAvg,50,Hard,3,1,0.0107821,0.992862,9.36863
fedAsynQ_EqAvg,50,Hard,4,1,0.00264999,0.990266,9.37942
fedAsynQ_EqAvg,50,Hard,5,1,0.223449,0.990266,9.39318
fedAsynQ_EqAvg,50,Hard,6,1,0.0480931,0.990266,9.39646
fedAsynQ_EqAvg,50,Hard,7,1,0.0055237,0.990266,9.39646
fedAsynQ_EqAvg,50,Hard,8,4,0.360566,0.988319,9.37426
fedAsynQ_EqAvg,50,Hard,9,1,0.19914,0.988319,9.37886
fedAsynQ_EqAvg,50,Hard,10,1,0.00260872,0.988319,9.38083
fedAsynQ_EqAvg,50,Hard,11,1,0.00899816,0.988319,9.38805
fedAsynQ_EqAvg,50,Hard,12,1,0.00900627,0.988319,9.38871
fedAsynQ_EqAvg,50,Hard,13,1,0.222827,0.988319,9.39987
fedAsynQ_EqAvg,50,Hard,14,1,0.216883,0.988319,9.39987
fedAsynQ_EqAvg,50,Hard,15,1,0.233659,0.988319,9.37689
fedAsynQ_EqAvg,50,Hard,16,2,0.0070175,0.988319,9.3782
fedAsynQ_EqAvg,50,Hard,17,1,0.0127252,0.98767,9.37911
fedAsynQ_EqAvg,50,Hard,18,1,0.0030288,0.98767,9.37911
fedAsynQ_EqAvg,50,Hard,19,1,0.00932243,0.98767,9.37911
fedAsynQ_EqAvg,50,Hard,20,1,0.0186362,0.98767,9.37976
fedAsynQ_EqAvg,50,Hard,21,1,0.00259407,0.98767,9.38239
fedAsynQ_EqAvg,50,Hard,22,1,0.0104855,0.98767,9.38305
fedAsynQ_EqAvg,50,Hard,23,1,0.18526,0.98767,9.40407
fedAsynQ_EqAvg,50,Hard,24,1,0.00951269,0.98767,9.40539
fedAsynQ_EqAvg,50,Hard,25,1,0.00664046,0.98767,9.40604
fedAsynQ_EqAvg,50,Hard,26,1,0.00909472,0.98767,9.4067
fedAsynQ_EqAvg,50,Hard,27,1,0.201292,0.987021,9.40039
fedAsynQ_EqAvg,50,Hard,28,1,0.00338279,0.987021,9.40039
fedAsynQ_EqAvg,50,Hard,29,1,0.0183994,0.987021,9.40171
fedAsynQ_EqAvg,50,Hard,30,1,0.0607204,0.987021,9.40171
fedAsynQ_EqAvg,50,Hard,31,1,0.212424,0.984426,9.40475
fedAsynQ_EqAvg,50,Hard,32,1,0.204306,0.985075,9.39657
fedAsynQ_EqAvg,50,Hard,33,1,0.00227521,0.985075,9.39789
fedAsynQ_EqAvg,50,Hard,34,1,0.203019,0.985075,9.39592
fedAsynQ_EqAvg,50,Hard,35,1,0.00771028,0.985075,9.39657
fedAsynQ_EqAvg,50,Hard,36,1,0.199969,0.985075,9.46706
fedAsynQ_EqAvg,50,Hard,37,2,0.411817,0.985075,9.46377
fedAsynQ_EqAvg,50,Hard,38,1,0.237208,0.985075,9.46509
fedAsynQ_EqAvg,50,Hard,39,2,0.0524593,0.985075,9.46772
fedAsynQ_EqAvg,50,Hard,40,1,0.0169704,0.985075,9.46904
fedAsynQ_EqAvg,50,Hard,41,1,0.0335925,0.985075,9.47036
fedAsynQ_EqAvg,50,Hard,42,1,0.0327079,0.984426,9.46276
fedAsynQ_EqAvg,50,Hard,43,1,0.0233178,0.984426,9.46341
fedAsynQ_EqAvg,50,Hard,44,1,0.0490829,0.984426,9.46341
fedAsynQ_EqAvg,50,Hard,45,1,0.00579057,0.984426,9.46473
fedAsynQ_EqAvg,50,Hard,46,1,0.00602997,0.984426,9.46539
fedAsynQ_EqAvg,50,Hard,47,1,0.0101729,0.984426,9.46803
fedAsynQ_EqAvg,50,Hard,48,1,0.0767207,0.984426,9.49374
fedAsynQ_EqAvg,50,Hard,49,1,0.0194056,0.984426,9.49637
fedAsynQ_EqAvg,50,Hard,50,1,0.00704736,0.984426,9.49572
fedAsynQ_EqAvg,50,Hard,51,1,0.00242875,0.985075,9.49407
fedAsynQ_EqAvg,50,Hard,52,1,0.238311,0.985075,9.48287
fedAsynQ_EqAvg,50,Hard,53,1,0.0177834,0.985075,9.48551
fedAsynQ_EqAvg,50,Hard,54,1,0.00554652,0.985075,9.48748
fedAsynQ_EqAvg,50,Hard,55,1,0.00872099,0.985075,9.48682
fedAsynQ_EqAvg,50,Hard,56,1,0.187253,0.98767,9.48029
fedAsynQ_EqAvg,50,Hard,57,1,0.0318806,0.98767,9.47963
fedAsynQ_EqAvg,50,Hard,58,1,0.19701,0.98767,9.48423
fedAsynQ_EqAvg,50,Hard,59,1,0.0033,0.987021,9.48586
fedAsynQ_EqAvg,50,Hard,60,1,0.00867358,0.987021,9.48652
fedAsynQ_EqAvg,50,Hard,61,1,0.00330986,0.987021,9.48586
fedAsynQ_EqAvg,50,Hard,62,1,0.186671,0.987021,9.44576
fedAsynQ_EqAvg,50,Hard,63,1,0.00326385,0.987021,9.44576
fedAsynQ_EqAvg,50,Hard,64,1,0.00247591,0.987021,9.45168
fedAsynQ_EqAvg,50,Hard,65,1,0.200771,0.987021,9.44642
fedAsynQ_EqAvg,50,Hard,66,1,0.218065,0.98767,9.44415
fedAsynQ_EqAvg,50,Hard,67,1,0.00206624,0.98767,9.44415
fedAsynQ_EqAvg,50,Hard,68,1,0.0060729,0.98767,9.44415
fedAsynQ_EqAvg,50,Hard,69,1,0.261287,0.988319,9.45831
fedAsynQ_EqAvg,50,Hard,70,1,0.242846,0.988319,9.52659
fedAsynQ_EqAvg,50,Hard,71,1,0.00187549,0.988319,9.52659
fedAsynQ_EqAvg,50,Hard,72,1,0.00192507,0.988319,9.52659
fedAsynQ_EqAvg,50,Hard,73,1,0.0030185,0.988319,9.52725
fedAsynQ_EqAvg,50,Hard,74,1,0.00365147,0.988319,9.52856
fedAsynQ_EqAvg,50,Hard,75,4,0.240625,0.98767,9.52957
fedAsynQ_EqAvg,50,Hard,76,1,0.197762,0.98767,9.5276
fedAsynQ_EqAvg,50,Hard,77,1,0.00722387,0.98767,9.53154
fedAsynQ_EqAvg,50,Hard,78,2,0.187736,0.987021,9.53912
fedAsynQ_EqAvg,50,Hard,79,1,0.00626549,0.987021,9.54175
fedAsynQ_EqAvg,50,Hard,80,1,0.219179,0.987021,9.54306
fedAsynQ_EqAvg,50,Hard,81,6,0.426852,0.98767,9.55388
fedAsynQ_EqAvg,50,Hard,82,1,0.00317662,0.98767,9.55519
fedAsynQ_EqAvg,50,Hard,83,1,0.19694,0.98767,9.70631
fedAsynQ_EqAvg,50,Hard,84,1,0.203084,0.98767,9.69777
fedAsynQ_EqAvg,50,Hard,85,1,0.229399,0.987021,9.70085
fedAsynQ_EqAvg,50,Hard,86,1,0.515342,0.987021,9.71466
fedAsynQ_EqAvg,50,Hard,87,1,0.00299925,0.987021,9.71598
fedAsynQ_EqAvg,50,Hard,88,1,0.00212301,0.987021,9.71729
fedAsynQ_EqAvg,50,Hard,89,2,0.243052,0.986372,9.72105
fedAsynQ_EqAvg,50,Hard,90,1,0.0040731,0.986372,9.72237
fedAsynQ_EqAvg,50,Hard,91,1,0.272,0.986372,9.72303
fedAsynQ_EqAvg,50,Hard,92,1,0.0185751,0.986372,9.72434
fedAsynQ_EqAvg,50,Hard,93,1,0.00289497,0.986372,9.725
fedAsynQ_EqAvg,50,Hard,94,1,0.00298832,0.986372,9.725
fedAsynQ_EqAvg,50,Hard,95,1,0.00704047,0.986372,9.72566
fedAsynQ_EqAvg,50,Hard,96,2,0.00546454,0.987021,9.72321
fedAsynQ_EqAvg,50,Hard,97,1,0.00584983,0.987021,9.72387
fedAsynQ_EqAvg,50,Hard,98,1,0.00683304,0.987021,9.72584
fedAsynQ_EqAvg,50,Hard,99,1,0.0470557,0.987021,9.72715
fedAsynQ_EqAvg,50,Hard,100,1,0.00645466,0.987021,9.72913
fedAsynQ_ImAvg,50,Hard,0,0,0,0.996755,9.40885
fedAsynQ_ImAvg,50,Hard,1,1,0.223557,0.996755,9.41016
fedAsynQ_ImAvg,50,Hard,2,2,0.0131084,0.996755,9.41276
fedAsynQ_ImAvg,50,Hard,3,1,0.0109896,0.997404,9.4164
fedAsynQ_ImAvg,50,Hard,4,1,0.0023251,0.997404,9.4203
fedAsynQ_ImAvg,50,Hard,5,1,0.251808,0.997404,9.43656
fedAsynQ_ImAvg,50,Hard,6,1,0.0471363,0.997404,9.43917
fedAsynQ_ImAvg,50,Hard,7,1,0.00562147,0.997404,9.43917
fedAsynQ_ImAvg,50,Hard,8,4,0.222011,0.995457,9.43351
fedAsynQ_ImAvg,50,Hard,9,1,0.223087,0.995457,9.42699
fedAsynQ_ImAvg,50,Hard,10,1,0.00275354,0.995457,9.42894
fedAsynQ_ImAvg,50,Hard,11,1,0.00890557,0.995457,9.43611
fedAsynQ_ImAvg,50,Hard,12,1,0.00985522,0.995457,9.43677
fedAsynQ_ImAvg,50,Hard,13,1,0.250936,0.995457,9.44785
fedAsynQ_ImAvg,50,Hard,14,1,0.244621,0.995457,9.44785
fedAsynQ_ImAvg,50,Hard,15,1,0.264325,0.995457,9.45958
fedAsynQ_ImAvg,50,Hard,16,2,0.0063351,0.995457,9.46089
fedAsynQ_ImAvg,50,Hard,17,1,0.0134363,0.994809,9.46184
fedAsynQ_ImAvg,50,Hard,18,1,0.00301327,0.994809,9.46184
fedAsynQ_ImAvg,50,Hard,19,1,0.00917608,0.994809,9.46184
fedAsynQ_ImAvg,50,Hard,20,1,0.0197372,0.994809,9.46249
fedAsynQ_ImAvg,50,Hard,21,1,0.00278702,0.994809,9.4651
fedAsynQ_ImAvg,50,Hard,22,1,0.0112985,0.994809,9.46575
fedAsynQ_ImAvg,50,Hard,23,1,0.209034,0.994809,9.48663
fedAsynQ_ImAvg,50,Hard,24,1,0.00993442,0.994809,9.48793
fedAsynQ_ImAvg,50,Hard,25,1,0.00653363,0.994809,9.48858
fedAsynQ_ImAvg,50,Hard,26,1,0.00898268,0.994809,9.48924
fedAsynQ_ImAvg,50,Hard,27,1,0.229526,0.99416,9.49021
fedAsynQ_ImAvg,50,Hard,28,1,0.00325484,0.99416,9.49021
fedAsynQ_ImAvg,50,Hard,29,1,0.0196182,0.99416,9.49151
fedAsynQ_ImAvg,50,Hard,30,1,0.0601776,0.99416,9.49086
fedAsynQ_ImAvg,50,Hard,31,1,0.239908,0.991564,9.49411
fedAsynQ_ImAvg,50,Hard,32,1,0.235174,0.992213,9.48594
fedAsynQ_ImAvg,50,Hard,33,1,0.00216864,0.992213,9.48594
fedAsynQ_ImAvg,50,Hard,34,1,0.00290637,0.992213,9.48921
fedAsynQ_ImAvg,50,Hard,35,1,0.0072126,0.992213,9.48986
fedAsynQ_ImAvg,50,Hard,36,1,0.224637,0.992213,9.57292
fedAsynQ_ImAvg,50,Hard,37,2,0.466767,0.992213,9.569
fedAsynQ_ImAvg,50,Hard,38,1,0.271743,0.992213,9.57031
fedAsynQ_ImAvg,50,Hard,39,2,0.0517679,0.992213,9.57292
fedAsynQ_ImAvg,50,Hard,40,1,0.0165307,0.992213,9.57423
fedAsynQ_ImAvg,50,Hard,41,1,0.0306105,0.992213,9.57554
fedAsynQ_ImAvg,50,Hard,42,1,0.0303784,0.991564,9.56806
fedAsynQ_ImAvg,50,Hard,43,1,0.0209304,0.991564,9.56872
fedAsynQ_ImAvg,50,Hard,44,1,0.0450953,0.991564,9.56872
fedAsynQ_ImAvg,50,Hard,45,1,0.00583997,0.991564,9.57003
fedAsynQ_ImAvg,50,Hard,46,1,0.00602344,0.991564,9.57068
fedAsynQ_ImAvg,50,Hard,47,1,0.0110086,0.991564,9.5733
fedAsynQ_ImAvg,50,Hard,48,1,0.552649,0.992213,9.60889
fedAsynQ_ImAvg,50,Hard,49,1,0.021914,0.992213,9.61086
fedAsynQ_ImAvg,50,Hard,50,1,0.00720601,0.992213,9.6102
fedAsynQ_ImAvg,50,Hard,51,1,0.00202787,0.992862,9.6085
fedAsynQ_ImAvg,50,Hard,52,1,0.269869,0.992862,9.59739
fedAsynQ_ImAvg,50,Hard,53,1,0.0159035,0.992862,9.6
fedAsynQ_ImAvg,50,Hard,54,1,0.00561549,0.992862,9.60196
fedAsynQ_ImAvg,50,Hard,55,1,0.00923907,0.992862,9.60131
fedAsynQ_ImAvg,50,Hard,56,1,0.00507605,0.992862,9.60196
fedAsynQ_ImAvg,50,Hard,57,1,0.0253166,0.992862,9.60261
fedAsynQ_ImAvg,50,Hard,58,1,0.222646,0.992862,9.60719
fedAsynQ_ImAvg,50,Hard,59,1,0.00288235,0.992213,9.60889
fedAsynQ_ImAvg,50,Hard,60,1,0.00877743,0.992213,9.60955
fedAsynQ_ImAvg,50,Hard,61,1,0.00284996,0.992213,9.60889
fedAsynQ_ImAvg,50,Hard,62,1,0.23585,0.992213,9.569
fedAsynQ_ImAvg,50,Hard,63,1,0.00334881,0.992213,9.569
fedAsynQ_ImAvg,50,Hard,64,1,0.00290657,0.992213,9.57489
fedAsynQ_ImAvg,50,Hard,65,1,0.280791,0.992213,9.57031
fedAsynQ_ImAvg,50,Hard,66,1,0.304448,0.992862,9.56797
fedAsynQ_ImAvg,50,Hard,67,1,0.00239499,0.992862,9.56797
fedAsynQ_ImAvg,50,Hard,68,1,0.00702998,0.992862,9.56797
fedAsynQ_ImAvg,50,Hard,69,1,0.0304477,0.992213,9.55984
fedAsynQ_ImAvg,50,Hard,70,1,0.333035,0.991564,9.62042
fedAsynQ_ImAvg,50,Hard,71,1,0.0022763,0.991564,9.62042
fedAsynQ_ImAvg,50,Hard,72,1,0.00229362,0.991564,9.62042
fedAsynQ_ImAvg,50,Hard,73,1,0.00349006,0.991564,9.62107
fedAsynQ_ImAvg,50,Hard,74,1,0.00427378,0.991564,9.62238
fedAsynQ_ImAvg,50,Hard,75,4,0.330741,0.990915,9.62344
fedAsynQ_ImAvg,50,Hard,76,1,0.0113798,0.990915,9.62868
fedAsynQ_ImAvg,50,Hard,77,1,0.00792212,0.990915,9.63261
fedAsynQ_ImAvg,50,Hard,78,2,0.258388,0.990266,9.64024
fedAsynQ_ImAvg,50,Hard,79,1,0.00680153,0.990266,9.64286
fedAsynQ_ImAvg,50,Hard,80,1,0.30265,0.990266,9.64417
fedAsynQ_ImAvg,50,Hard,81,6,0.5747,0.990915,9.65488
fedAsynQ_ImAvg,50,Hard,82,1,0.00338038,0.990915,9.65619
fedAsynQ_ImAvg,50,Hard,83,1,0.268072,0.990915,9.82515
fedAsynQ_ImAvg,50,Hard,84,1,0.284743,0.990915,9.81663
fedAsynQ_ImAvg,50,Hard,85,1,0.257598,0.98767,9.82852
fedAsynQ_ImAvg,50,Hard,86,1,0.532818,0.98767,9.84297
fedAsynQ_ImAvg,50,Hard,87,1,0.00306844,0.98767,9.84428
fedAsynQ_ImAvg,50,Hard,88,1,0.00224174,0.98767,9.8456
fedAsynQ_ImAvg,50,Hard,89,2,0.271045,0.987021,9.84944
fedAsynQ_ImAvg,50,Hard,90,1,0.00416158,0.987021,9.85076
fedAsynQ_ImAvg,50,Hard,91,1,0.298744,0.987021,9.85141
fedAsynQ_ImAvg,50,Hard,92,1,0.0216642,0.987021,9.85273
fedAsynQ_ImAvg,50,Hard,93,1,0.003069,0.987021,9.85339
fedAsynQ_ImAvg,50,Hard,94,1,0.00296491,0.987021,9.85339
fedAsynQ_ImAvg,50,Hard,95,1,0.00699956,0.987021,9.85404
fedAsynQ_ImAvg,50,Hard,96,2,0.00541871,0.987021,9.85404
fedAsynQ_ImAvg,50,Hard,97,1,0.00590328,0.987021,9.8547
fedAsynQ_ImAvg,50,Hard,98,1,0.00677533,0.987021,9.85667
fedAsynQ_ImAvg,50,Hard,99,1,0.0529516,0.987021,9.85799
fedAsynQ_ImAvg,50,Hard,100,1,0.00635726,0.987021,9.85996
